"","effect","id","regions","betas","measurement","measurement_value"
"1","initial","saulin_01_vp_01","TPJ",0.14287,"EC",1.12516890228378
"2","initial","saulin_01_vp_01","TPJ",0.14287,"PT",0.764688972964625
"3","initial","saulin_01_vp_01","TPJ",0.14287,"z_int",-0.0693670154207969
"4","initial","saulin_01_vp_01","TPJ",0.14287,"z_init",2.19894575289778
"5","initial","saulin_01_vp_01","TPJ",0.14287,"z_sust",-2.16040187008811
"6","initial","saulin_01_vp_01","mpfc",0.27441,"EC",1.12516890228378
"7","initial","saulin_01_vp_01","mpfc",0.27441,"PT",0.764688972964625
"8","initial","saulin_01_vp_01","mpfc",0.27441,"z_int",-0.0693670154207969
"9","initial","saulin_01_vp_01","mpfc",0.27441,"z_init",2.19894575289778
"10","initial","saulin_01_vp_01","mpfc",0.27441,"z_sust",-2.16040187008811
"11","initial","saulin_01_vp_03","TPJ",-0.66503,"EC",-0.352152099188052
"12","initial","saulin_01_vp_03","TPJ",-0.66503,"PT",-0.771835598880183
"13","initial","saulin_01_vp_03","TPJ",-0.66503,"z_int",0.754019653815259
"14","initial","saulin_01_vp_03","TPJ",-0.66503,"z_init",-1.26359654975235
"15","initial","saulin_01_vp_03","TPJ",-0.66503,"z_sust",0.581134675485867
"16","initial","saulin_01_vp_03","mpfc",-0.42621,"EC",-0.352152099188052
"17","initial","saulin_01_vp_03","mpfc",-0.42621,"PT",-0.771835598880183
"18","initial","saulin_01_vp_03","mpfc",-0.42621,"z_int",0.754019653815259
"19","initial","saulin_01_vp_03","mpfc",-0.42621,"z_init",-1.26359654975235
"20","initial","saulin_01_vp_03","mpfc",-0.42621,"z_sust",0.581134675485867
"21","initial","saulin_01_vp_04","TPJ",0.56514,"EC",0.386508401547862
"22","initial","saulin_01_vp_04","TPJ",0.56514,"PT",0.150079144226702
"23","initial","saulin_01_vp_04","TPJ",0.56514,"z_int",0.392489331075333
"24","initial","saulin_01_vp_04","TPJ",0.56514,"z_init",0.0869953799300806
"25","initial","saulin_01_vp_04","TPJ",0.56514,"z_sust",0.268345090163905
"26","initial","saulin_01_vp_04","mpfc",1.3894,"EC",0.386508401547862
"27","initial","saulin_01_vp_04","mpfc",1.3894,"PT",0.150079144226702
"28","initial","saulin_01_vp_04","mpfc",1.3894,"z_int",0.392489331075333
"29","initial","saulin_01_vp_04","mpfc",1.3894,"z_init",0.0869953799300806
"30","initial","saulin_01_vp_04","mpfc",1.3894,"z_sust",0.268345090163905
"31","initial","saulin_01_vp_05","TPJ",0.68622,"EC",-0.352152099188052
"32","initial","saulin_01_vp_05","TPJ",0.68622,"PT",-1.07914051324914
"33","initial","saulin_01_vp_05","TPJ",0.68622,"z_int",-0.698622659198815
"34","initial","saulin_01_vp_05","TPJ",0.68622,"z_init",-0.111098737748924
"35","initial","saulin_01_vp_05","TPJ",0.68622,"z_sust",-0.944246491198696
"36","initial","saulin_01_vp_05","mpfc",0.52078,"EC",-0.352152099188052
"37","initial","saulin_01_vp_05","mpfc",0.52078,"PT",-1.07914051324914
"38","initial","saulin_01_vp_05","mpfc",0.52078,"z_int",-0.698622659198815
"39","initial","saulin_01_vp_05","mpfc",0.52078,"z_init",-0.111098737748924
"40","initial","saulin_01_vp_05","mpfc",0.52078,"z_sust",-0.944246491198696
"41","initial","saulin_01_vp_06","TPJ",-0.16727,"EC",0.386508401547862
"42","initial","saulin_01_vp_06","TPJ",-0.16727,"PT",0.457384058595663
"43","initial","saulin_01_vp_06","TPJ",-0.16727,"z_int",0.396280658126134
"44","initial","saulin_01_vp_06","TPJ",-0.16727,"z_init",0.299499590303742
"45","initial","saulin_01_vp_06","TPJ",-0.16727,"z_sust",-0.133586800264813
"46","initial","saulin_01_vp_06","mpfc",-0.32226,"EC",0.386508401547862
"47","initial","saulin_01_vp_06","mpfc",-0.32226,"PT",0.457384058595663
"48","initial","saulin_01_vp_06","mpfc",-0.32226,"z_int",0.396280658126134
"49","initial","saulin_01_vp_06","mpfc",-0.32226,"z_init",0.299499590303742
"50","initial","saulin_01_vp_06","mpfc",-0.32226,"z_sust",-0.133586800264813
"51","initial","saulin_01_vp_08","TPJ",0.37064,"EC",-1.46014285029192
"52","initial","saulin_01_vp_08","TPJ",0.37064,"PT",-1.69375034198707
"53","initial","saulin_01_vp_08","TPJ",0.37064,"z_int",-0.515214443405171
"54","initial","saulin_01_vp_08","TPJ",0.37064,"z_init",-0.923714072511497
"55","initial","saulin_01_vp_08","TPJ",0.37064,"z_sust",0.401422313277166
"56","initial","saulin_01_vp_08","mpfc",0.053006,"EC",-1.46014285029192
"57","initial","saulin_01_vp_08","mpfc",0.053006,"PT",-1.69375034198707
"58","initial","saulin_01_vp_08","mpfc",0.053006,"z_int",-0.515214443405171
"59","initial","saulin_01_vp_08","mpfc",0.053006,"z_init",-0.923714072511497
"60","initial","saulin_01_vp_08","mpfc",0.053006,"z_sust",0.401422313277166
"61","initial","saulin_01_vp_11","TPJ",-0.41937,"EC",0.75583865191582
"62","initial","saulin_01_vp_11","TPJ",-0.41937,"PT",-1.07914051324914
"63","initial","saulin_01_vp_11","TPJ",-0.41937,"z_int",0.0365629312000224
"64","initial","saulin_01_vp_11","TPJ",-0.41937,"z_init",0.151610264230934
"65","initial","saulin_01_vp_11","TPJ",-0.41937,"z_sust",-0.522220756414767
"66","initial","saulin_01_vp_11","mpfc",-0.54091,"EC",0.75583865191582
"67","initial","saulin_01_vp_11","mpfc",-0.54091,"PT",-1.07914051324914
"68","initial","saulin_01_vp_11","mpfc",-0.54091,"z_int",0.0365629312000224
"69","initial","saulin_01_vp_11","mpfc",-0.54091,"z_init",0.151610264230934
"70","initial","saulin_01_vp_11","mpfc",-0.54091,"z_sust",-0.522220756414767
"71","initial","saulin_01_vp_12","TPJ",-0.14712,"EC",0.017178151179905
"72","initial","saulin_01_vp_12","TPJ",-0.14712,"PT",-0.771835598880183
"73","initial","saulin_01_vp_12","TPJ",-0.14712,"z_int",0.0614761107503813
"74","initial","saulin_01_vp_12","TPJ",-0.14712,"z_init",0.1274998256507
"75","initial","saulin_01_vp_12","TPJ",-0.14712,"z_sust",-0.292252395050647
"76","initial","saulin_01_vp_12","mpfc",-0.074748,"EC",0.017178151179905
"77","initial","saulin_01_vp_12","mpfc",-0.074748,"PT",-0.771835598880183
"78","initial","saulin_01_vp_12","mpfc",-0.074748,"z_int",0.0614761107503813
"79","initial","saulin_01_vp_12","mpfc",-0.074748,"z_init",0.1274998256507
"80","initial","saulin_01_vp_12","mpfc",-0.074748,"z_sust",-0.292252395050647
"81","initial","saulin_01_vp_14","TPJ",-0.89972,"EC",0.75583865191582
"82","initial","saulin_01_vp_14","TPJ",-0.89972,"PT",1.37929880170255
"83","initial","saulin_01_vp_14","TPJ",-0.89972,"z_int",-1.91261072815798
"84","initial","saulin_01_vp_14","TPJ",-0.89972,"z_init",-0.899616694224041
"85","initial","saulin_01_vp_14","TPJ",-0.89972,"z_sust",0.661176081879611
"86","initial","saulin_01_vp_14","mpfc",-0.77788,"EC",0.75583865191582
"87","initial","saulin_01_vp_14","mpfc",-0.77788,"PT",1.37929880170255
"88","initial","saulin_01_vp_14","mpfc",-0.77788,"z_int",-1.91261072815798
"89","initial","saulin_01_vp_14","mpfc",-0.77788,"z_init",-0.899616694224041
"90","initial","saulin_01_vp_14","mpfc",-0.77788,"z_sust",0.661176081879611
"91","initial","saulin_01_vp_15","TPJ",-0.14122,"EC",0.386508401547862
"92","initial","saulin_01_vp_15","TPJ",-0.14122,"PT",0.150079144226702
"93","initial","saulin_01_vp_15","TPJ",-0.14122,"z_int",0.460063479397723
"94","initial","saulin_01_vp_15","TPJ",-0.14122,"z_init",0.384433304958075
"95","initial","saulin_01_vp_15","TPJ",-0.14122,"z_sust",-0.0146082768593824
"96","initial","saulin_01_vp_15","mpfc",-1.0616,"EC",0.386508401547862
"97","initial","saulin_01_vp_15","mpfc",-1.0616,"PT",0.150079144226702
"98","initial","saulin_01_vp_15","mpfc",-1.0616,"z_int",0.460063479397723
"99","initial","saulin_01_vp_15","mpfc",-1.0616,"z_init",0.384433304958075
"100","initial","saulin_01_vp_15","mpfc",-1.0616,"z_sust",-0.0146082768593824
"101","initial","saulin_01_vp_17","TPJ",-0.13337,"EC",0.75583865191582
"102","initial","saulin_01_vp_17","TPJ",-0.13337,"PT",0.457384058595663
"103","initial","saulin_01_vp_17","TPJ",-0.13337,"z_int",-0.680693167478204
"104","initial","saulin_01_vp_17","TPJ",-0.13337,"z_init",0.0238151128182557
"105","initial","saulin_01_vp_17","TPJ",-0.13337,"z_sust",-0.627818257140421
"106","initial","saulin_01_vp_17","mpfc",0.32127,"EC",0.75583865191582
"107","initial","saulin_01_vp_17","mpfc",0.32127,"PT",0.457384058595663
"108","initial","saulin_01_vp_17","mpfc",0.32127,"z_int",-0.680693167478204
"109","initial","saulin_01_vp_17","mpfc",0.32127,"z_init",0.0238151128182557
"110","initial","saulin_01_vp_17","mpfc",0.32127,"z_sust",-0.627818257140421
"111","initial","saulin_01_vp_18","TPJ",-0.3733,"EC",0.386508401547862
"112","initial","saulin_01_vp_18","TPJ",-0.3733,"PT",-1.69375034198707
"113","initial","saulin_01_vp_18","TPJ",-0.3733,"z_int",-0.353341032819771
"114","initial","saulin_01_vp_18","TPJ",-0.3733,"z_init",-1.40067422962706
"115","initial","saulin_01_vp_18","TPJ",-0.3733,"z_sust",0.320102461707141
"116","initial","saulin_01_vp_18","mpfc",-1.0113,"EC",0.386508401547862
"117","initial","saulin_01_vp_18","mpfc",-1.0113,"PT",-1.69375034198707
"118","initial","saulin_01_vp_18","mpfc",-1.0113,"z_int",-0.353341032819771
"119","initial","saulin_01_vp_18","mpfc",-1.0113,"z_init",-1.40067422962706
"120","initial","saulin_01_vp_18","mpfc",-1.0113,"z_sust",0.320102461707141
"121","initial","saulin_01_vp_19","TPJ",-0.12008,"EC",0.017178151179905
"122","initial","saulin_01_vp_19","TPJ",-0.12008,"PT",1.07199388733359
"123","initial","saulin_01_vp_19","TPJ",-0.12008,"z_int",2.76454586352154
"124","initial","saulin_01_vp_19","TPJ",-0.12008,"z_init",2.44864780406641
"125","initial","saulin_01_vp_19","TPJ",-0.12008,"z_sust",-3.01438185393544
"126","initial","saulin_01_vp_19","mpfc",0.27036,"EC",0.017178151179905
"127","initial","saulin_01_vp_19","mpfc",0.27036,"PT",1.07199388733359
"128","initial","saulin_01_vp_19","mpfc",0.27036,"z_int",2.76454586352154
"129","initial","saulin_01_vp_19","mpfc",0.27036,"z_init",2.44864780406641
"130","initial","saulin_01_vp_19","mpfc",0.27036,"z_sust",-3.01438185393544
"131","initial","saulin_01_vp_20","TPJ",-0.24433,"EC",0.017178151179905
"132","initial","saulin_01_vp_20","TPJ",-0.24433,"PT",-0.15722577014226
"133","initial","saulin_01_vp_20","TPJ",-0.24433,"z_int",0.0218987930718948
"134","initial","saulin_01_vp_20","TPJ",-0.24433,"z_init",0.114532578129523
"135","initial","saulin_01_vp_20","TPJ",-0.24433,"z_sust",-0.287653693887691
"136","initial","saulin_01_vp_20","mpfc",-0.16585,"EC",0.017178151179905
"137","initial","saulin_01_vp_20","mpfc",-0.16585,"PT",-0.15722577014226
"138","initial","saulin_01_vp_20","mpfc",-0.16585,"z_int",0.0218987930718948
"139","initial","saulin_01_vp_20","mpfc",-0.16585,"z_init",0.114532578129523
"140","initial","saulin_01_vp_20","mpfc",-0.16585,"z_sust",-0.287653693887691
"141","initial","saulin_01_vp_21","TPJ",-0.0052552,"EC",0.017178151179905
"142","initial","saulin_01_vp_21","TPJ",-0.0052552,"PT",1.99390863044047
"143","initial","saulin_01_vp_21","TPJ",-0.0052552,"z_int",0.211135107070108
"144","initial","saulin_01_vp_21","TPJ",-0.0052552,"z_init",0.189600640906825
"145","initial","saulin_01_vp_21","TPJ",-0.0052552,"z_sust",1.15609985393384
"146","initial","saulin_01_vp_21","mpfc",-0.067897,"EC",0.017178151179905
"147","initial","saulin_01_vp_21","mpfc",-0.067897,"PT",1.99390863044047
"148","initial","saulin_01_vp_21","mpfc",-0.067897,"z_int",0.211135107070108
"149","initial","saulin_01_vp_21","mpfc",-0.067897,"z_init",0.189600640906825
"150","initial","saulin_01_vp_21","mpfc",-0.067897,"z_sust",1.15609985393384
"151","initial","saulin_01_vp_22","TPJ",1.4382,"EC",-0.352152099188052
"152","initial","saulin_01_vp_22","TPJ",1.4382,"PT",-0.15722577014226
"153","initial","saulin_01_vp_22","TPJ",1.4382,"z_int",0.522437728346215
"154","initial","saulin_01_vp_22","TPJ",1.4382,"z_init",-0.242839011801187
"155","initial","saulin_01_vp_22","TPJ",1.4382,"z_sust",0.717045166392349
"156","initial","saulin_01_vp_22","mpfc",0.43704,"EC",-0.352152099188052
"157","initial","saulin_01_vp_22","mpfc",0.43704,"PT",-0.15722577014226
"158","initial","saulin_01_vp_22","mpfc",0.43704,"z_int",0.522437728346215
"159","initial","saulin_01_vp_22","mpfc",0.43704,"z_init",-0.242839011801187
"160","initial","saulin_01_vp_22","mpfc",0.43704,"z_sust",0.717045166392349
"161","initial","saulin_01_vp_23","TPJ",0.028942,"EC",0.017178151179905
"162","initial","saulin_01_vp_23","TPJ",0.028942,"PT",-0.464530684511221
"163","initial","saulin_01_vp_23","TPJ",0.028942,"z_int",-0.181037953126473
"164","initial","saulin_01_vp_23","TPJ",0.028942,"z_init",0.565497174005212
"165","initial","saulin_01_vp_23","TPJ",0.028942,"z_sust",-0.862522574916119
"166","initial","saulin_01_vp_23","mpfc",0.38382,"EC",0.017178151179905
"167","initial","saulin_01_vp_23","mpfc",0.38382,"PT",-0.464530684511221
"168","initial","saulin_01_vp_23","mpfc",0.38382,"z_int",-0.181037953126473
"169","initial","saulin_01_vp_23","mpfc",0.38382,"z_init",0.565497174005212
"170","initial","saulin_01_vp_23","mpfc",0.38382,"z_sust",-0.862522574916119
"171","initial","saulin_01_vp_24","TPJ",0.47687,"EC",-3.30679410213171
"172","initial","saulin_01_vp_24","TPJ",0.47687,"PT",-0.464530684511221
"173","initial","saulin_01_vp_24","TPJ",0.47687,"z_int",-1.46321439666615
"174","initial","saulin_01_vp_24","TPJ",0.47687,"z_init",-0.771745681167881
"175","initial","saulin_01_vp_24","TPJ",0.47687,"z_sust",0.544111873609369
"176","initial","saulin_01_vp_24","mpfc",0.60106,"EC",-3.30679410213171
"177","initial","saulin_01_vp_24","mpfc",0.60106,"PT",-0.464530684511221
"178","initial","saulin_01_vp_24","mpfc",0.60106,"z_int",-1.46321439666615
"179","initial","saulin_01_vp_24","mpfc",0.60106,"z_init",-0.771745681167881
"180","initial","saulin_01_vp_24","mpfc",0.60106,"z_sust",0.544111873609369
"181","initial","saulin_01_vp_25","TPJ",0.67312,"EC",1.49449915265173
"182","initial","saulin_01_vp_25","TPJ",0.67312,"PT",0.457384058595663
"183","initial","saulin_01_vp_25","TPJ",0.67312,"z_int",0.494048047545187
"184","initial","saulin_01_vp_25","TPJ",0.67312,"z_init",-1.43026672610105
"185","initial","saulin_01_vp_25","TPJ",0.67312,"z_sust",-0.328884119143078
"186","initial","saulin_01_vp_25","mpfc",1.8185,"EC",1.49449915265173
"187","initial","saulin_01_vp_25","mpfc",1.8185,"PT",0.457384058595663
"188","initial","saulin_01_vp_25","mpfc",1.8185,"z_int",0.494048047545187
"189","initial","saulin_01_vp_25","mpfc",1.8185,"z_init",-1.43026672610105
"190","initial","saulin_01_vp_25","mpfc",1.8185,"z_sust",-0.328884119143078
"191","initial","saulin_01_vp_26","TPJ",-0.077513,"EC",0.75583865191582
"192","initial","saulin_01_vp_26","TPJ",-0.077513,"PT",1.07199388733359
"193","initial","saulin_01_vp_26","TPJ",-0.077513,"z_int",-0.262957787758452
"194","initial","saulin_01_vp_26","TPJ",-0.077513,"z_init",0.155506130909183
"195","initial","saulin_01_vp_26","TPJ",-0.077513,"z_sust",-0.853569330912077
"196","initial","saulin_01_vp_26","mpfc",0.15485,"EC",0.75583865191582
"197","initial","saulin_01_vp_26","mpfc",0.15485,"PT",1.07199388733359
"198","initial","saulin_01_vp_26","mpfc",0.15485,"z_int",-0.262957787758452
"199","initial","saulin_01_vp_26","mpfc",0.15485,"z_init",0.155506130909183
"200","initial","saulin_01_vp_26","mpfc",0.15485,"z_sust",-0.853569330912077
"201","initial","saulin_01_vp_27","TPJ",-0.073366,"EC",0.386508401547862
"202","initial","saulin_01_vp_27","TPJ",-0.073366,"PT",0.764688972964625
"203","initial","saulin_01_vp_27","TPJ",-0.073366,"z_int",0.378216377734313
"204","initial","saulin_01_vp_27","TPJ",-0.073366,"z_init",-0.199300772013502
"205","initial","saulin_01_vp_27","TPJ",-0.073366,"z_sust",0.467215756280695
"206","initial","saulin_01_vp_27","mpfc",-0.070197,"EC",0.386508401547862
"207","initial","saulin_01_vp_27","mpfc",-0.070197,"PT",0.764688972964625
"208","initial","saulin_01_vp_27","mpfc",-0.070197,"z_int",0.378216377734313
"209","initial","saulin_01_vp_27","mpfc",-0.070197,"z_init",-0.199300772013502
"210","initial","saulin_01_vp_27","mpfc",-0.070197,"z_sust",0.467215756280695
"211","initial","saulin_01_vp_29","TPJ",-0.35692,"EC",-1.82947310065988
"212","initial","saulin_01_vp_29","TPJ",-0.35692,"PT",-0.15722577014226
"213","initial","saulin_01_vp_29","TPJ",-0.35692,"z_int",-0.924372517921969
"214","initial","saulin_01_vp_29","TPJ",-0.35692,"z_init",-0.675343089067719
"215","initial","saulin_01_vp_29","TPJ",-0.35692,"z_sust",-0.174109905262021
"216","initial","saulin_01_vp_29","mpfc",0.54606,"EC",-1.82947310065988
"217","initial","saulin_01_vp_29","mpfc",0.54606,"PT",-0.15722577014226
"218","initial","saulin_01_vp_29","mpfc",0.54606,"z_int",-0.924372517921969
"219","initial","saulin_01_vp_29","mpfc",0.54606,"z_init",-0.675343089067719
"220","initial","saulin_01_vp_29","mpfc",0.54606,"z_sust",-0.174109905262021
"221","initial","saulin_01_vp_30","TPJ",0.25404,"EC",-1.09081259992397
"222","initial","saulin_01_vp_30","TPJ",0.25404,"PT",0.150079144226702
"223","initial","saulin_01_vp_30","TPJ",0.25404,"z_int",-0.630307598385625
"224","initial","saulin_01_vp_30","TPJ",0.25404,"z_init",-0.0246779035285929
"225","initial","saulin_01_vp_30","TPJ",0.25404,"z_sust",0.625085586853691
"226","initial","saulin_01_vp_30","mpfc",-0.12155,"EC",-1.09081259992397
"227","initial","saulin_01_vp_30","mpfc",-0.12155,"PT",0.150079144226702
"228","initial","saulin_01_vp_30","mpfc",-0.12155,"z_int",-0.630307598385625
"229","initial","saulin_01_vp_30","mpfc",-0.12155,"z_init",-0.0246779035285929
"230","initial","saulin_01_vp_30","mpfc",-0.12155,"z_sust",0.625085586853691
"231","initial","saulin_01_vp_31","TPJ",-0.22079,"EC",1.12516890228378
"232","initial","saulin_01_vp_31","TPJ",-0.22079,"PT",-0.464530684511221
"233","initial","saulin_01_vp_31","TPJ",-0.22079,"z_int",0.0223933725337113
"234","initial","saulin_01_vp_31","TPJ",-0.22079,"z_init",0.751528133601847
"235","initial","saulin_01_vp_31","TPJ",-0.22079,"z_sust",-0.0429380997057421
"236","initial","saulin_01_vp_31","mpfc",-0.24114,"EC",1.12516890228378
"237","initial","saulin_01_vp_31","mpfc",-0.24114,"PT",-0.464530684511221
"238","initial","saulin_01_vp_31","mpfc",-0.24114,"z_int",0.0223933725337113
"239","initial","saulin_01_vp_31","mpfc",-0.24114,"z_init",0.751528133601847
"240","initial","saulin_01_vp_31","mpfc",-0.24114,"z_sust",-0.0429380997057421
"241","initial","saulin_01_vp_32","TPJ",-0.080497,"EC",0.386508401547862
"242","initial","saulin_01_vp_32","TPJ",-0.080497,"PT",1.07199388733359
"243","initial","saulin_01_vp_32","TPJ",-0.080497,"z_int",-2.29899901339272
"244","initial","saulin_01_vp_32","TPJ",-0.080497,"z_init",-1.97444334052381
"245","initial","saulin_01_vp_32","TPJ",-0.080497,"z_sust",-0.939237350086775
"246","initial","saulin_01_vp_32","mpfc",-0.51131,"EC",0.386508401547862
"247","initial","saulin_01_vp_32","mpfc",-0.51131,"PT",1.07199388733359
"248","initial","saulin_01_vp_32","mpfc",-0.51131,"z_int",-2.29899901339272
"249","initial","saulin_01_vp_32","mpfc",-0.51131,"z_init",-1.97444334052381
"250","initial","saulin_01_vp_32","mpfc",-0.51131,"z_sust",-0.939237350086775
"251","initial","saulin_01_vp_33","TPJ",-0.52869,"EC",0.017178151179905
"252","initial","saulin_01_vp_33","TPJ",-0.52869,"PT",-0.15722577014226
"253","initial","saulin_01_vp_33","TPJ",-0.52869,"z_int",0.443570245300358
"254","initial","saulin_01_vp_33","TPJ",-0.52869,"z_init",-0.690850600849426
"255","initial","saulin_01_vp_33","TPJ",-0.52869,"z_sust",1.41559339143139
"256","initial","saulin_01_vp_33","mpfc",-0.2012,"EC",0.017178151179905
"257","initial","saulin_01_vp_33","mpfc",-0.2012,"PT",-0.15722577014226
"258","initial","saulin_01_vp_33","mpfc",-0.2012,"z_int",0.443570245300358
"259","initial","saulin_01_vp_33","mpfc",-0.2012,"z_init",-0.690850600849426
"260","initial","saulin_01_vp_33","mpfc",-0.2012,"z_sust",1.41559339143139
"261","initial","saulin_01_vp_34","TPJ",-1.1859,"EC",0.386508401547862
"262","initial","saulin_01_vp_34","TPJ",-1.1859,"PT",0.150079144226702
"263","initial","saulin_01_vp_34","TPJ",-1.1859,"z_int",-1.10790433724209
"264","initial","saulin_01_vp_34","TPJ",-1.1859,"z_init",-0.156641844423467
"265","initial","saulin_01_vp_34","TPJ",-1.1859,"z_sust",0.0731748667444452
"266","initial","saulin_01_vp_34","mpfc",-0.01183,"EC",0.386508401547862
"267","initial","saulin_01_vp_34","mpfc",-0.01183,"PT",0.150079144226702
"268","initial","saulin_01_vp_34","mpfc",-0.01183,"z_int",-1.10790433724209
"269","initial","saulin_01_vp_34","mpfc",-0.01183,"z_init",-0.156641844423467
"270","initial","saulin_01_vp_34","mpfc",-0.01183,"z_sust",0.0731748667444452
"271","initial","saulin_01_vp_35","TPJ",0.23252,"EC",-0.352152099188052
"272","initial","saulin_01_vp_35","TPJ",0.23252,"PT",0.150079144226702
"273","initial","saulin_01_vp_35","TPJ",0.23252,"z_int",-0.538252546238219
"274","initial","saulin_01_vp_35","TPJ",0.23252,"z_init",1.4279810164925
"275","initial","saulin_01_vp_35","TPJ",0.23252,"z_sust",-1.65606024727959
"276","initial","saulin_01_vp_35","mpfc",-0.18886,"EC",-0.352152099188052
"277","initial","saulin_01_vp_35","mpfc",-0.18886,"PT",0.150079144226702
"278","initial","saulin_01_vp_35","mpfc",-0.18886,"z_int",-0.538252546238219
"279","initial","saulin_01_vp_35","mpfc",-0.18886,"z_init",1.4279810164925
"280","initial","saulin_01_vp_35","mpfc",-0.18886,"z_sust",-1.65606024727959
"281","initial","saulin_01_vp_36","TPJ",1.3454,"EC",-0.72148234955601
"282","initial","saulin_01_vp_36","TPJ",1.3454,"PT",-0.464530684511221
"283","initial","saulin_01_vp_36","TPJ",1.3454,"z_int",0.805857815330619
"284","initial","saulin_01_vp_36","TPJ",1.3454,"z_init",0.292658664919077
"285","initial","saulin_01_vp_36","TPJ",1.3454,"z_sust",-0.0749907744055023
"286","initial","saulin_01_vp_36","mpfc",0.83124,"EC",-0.72148234955601
"287","initial","saulin_01_vp_36","mpfc",0.83124,"PT",-0.464530684511221
"288","initial","saulin_01_vp_36","mpfc",0.83124,"z_int",0.805857815330619
"289","initial","saulin_01_vp_36","mpfc",0.83124,"z_init",0.292658664919077
"290","initial","saulin_01_vp_36","mpfc",0.83124,"z_sust",-0.0749907744055023
"291","initial","saulin_01_vp_37","TPJ",-0.22234,"EC",0.75583865191582
"292","initial","saulin_01_vp_37","TPJ",-0.22234,"PT",1.68660371607151
"293","initial","saulin_01_vp_37","TPJ",-0.22234,"z_int",-0.773489202983219
"294","initial","saulin_01_vp_37","TPJ",-0.22234,"z_init",0.569025206866136
"295","initial","saulin_01_vp_37","TPJ",-0.22234,"z_sust",-0.0418941478690452
"296","initial","saulin_01_vp_37","mpfc",-0.28729,"EC",0.75583865191582
"297","initial","saulin_01_vp_37","mpfc",-0.28729,"PT",1.68660371607151
"298","initial","saulin_01_vp_37","mpfc",-0.28729,"z_int",-0.773489202983219
"299","initial","saulin_01_vp_37","mpfc",-0.28729,"z_init",0.569025206866136
"300","initial","saulin_01_vp_37","mpfc",-0.28729,"z_sust",-0.0418941478690452
"301","initial","saulin_01_vp_38","TPJ",0.88203,"EC",-0.72148234955601
"302","initial","saulin_01_vp_38","TPJ",0.88203,"PT",-0.464530684511221
"303","initial","saulin_01_vp_38","TPJ",0.88203,"z_int",1.10809547326699
"304","initial","saulin_01_vp_38","TPJ",0.88203,"z_init",0.275074547928036
"305","initial","saulin_01_vp_38","TPJ",0.88203,"z_sust",-0.641897269118103
"306","initial","saulin_01_vp_38","mpfc",0.16525,"EC",-0.72148234955601
"307","initial","saulin_01_vp_38","mpfc",0.16525,"PT",-0.464530684511221
"308","initial","saulin_01_vp_38","mpfc",0.16525,"z_int",1.10809547326699
"309","initial","saulin_01_vp_38","mpfc",0.16525,"z_init",0.275074547928036
"310","initial","saulin_01_vp_38","mpfc",0.16525,"z_sust",-0.641897269118103
"311","initial","saulin_01_vp_39","TPJ",0.38037,"EC",1.86382940301969
"312","initial","saulin_01_vp_39","TPJ",0.38037,"PT",1.99390863044047
"313","initial","saulin_01_vp_39","TPJ",0.38037,"z_int",0.920853091436352
"314","initial","saulin_01_vp_39","TPJ",0.38037,"z_init",-0.194004897922087
"315","initial","saulin_01_vp_39","TPJ",0.38037,"z_sust",2.45067648436717
"316","initial","saulin_01_vp_39","mpfc",0.33967,"EC",1.86382940301969
"317","initial","saulin_01_vp_39","mpfc",0.33967,"PT",1.99390863044047
"318","initial","saulin_01_vp_39","mpfc",0.33967,"z_int",0.920853091436352
"319","initial","saulin_01_vp_39","mpfc",0.33967,"z_init",-0.194004897922087
"320","initial","saulin_01_vp_39","mpfc",0.33967,"z_sust",2.45067648436717
"321","initial","saulin_01_vp_40","TPJ",-0.1522,"EC",0.75583865191582
"322","initial","saulin_01_vp_40","TPJ",-0.1522,"PT",-1.38644542761811
"323","initial","saulin_01_vp_40","TPJ",-0.1522,"z_int",0.819386194729027
"324","initial","saulin_01_vp_40","TPJ",-0.1522,"z_init",-0.957510863806474
"325","initial","saulin_01_vp_40","TPJ",-0.1522,"z_sust",1.09949420568337
"326","initial","saulin_01_vp_40","mpfc",-0.91409,"EC",0.75583865191582
"327","initial","saulin_01_vp_40","mpfc",-0.91409,"PT",-1.38644542761811
"328","initial","saulin_01_vp_40","mpfc",-0.91409,"z_int",0.819386194729027
"329","initial","saulin_01_vp_40","mpfc",-0.91409,"z_init",-0.957510863806474
"330","initial","saulin_01_vp_40","mpfc",-0.91409,"z_sust",1.09949420568337
"331","initial","saulin_01_vp_41","TPJ",-1.7412,"EC",0.017178151179905
"332","initial","saulin_01_vp_41","TPJ",-1.7412,"PT",-1.07914051324914
"333","initial","saulin_01_vp_41","TPJ",-1.7412,"z_int",-1.93601220055551
"334","initial","saulin_01_vp_41","TPJ",-1.7412,"z_init",-1.30201985647628
"335","initial","saulin_01_vp_41","TPJ",-1.7412,"z_sust",1.72602808898545
"336","initial","saulin_01_vp_41","mpfc",-1.1357,"EC",0.017178151179905
"337","initial","saulin_01_vp_41","mpfc",-1.1357,"PT",-1.07914051324914
"338","initial","saulin_01_vp_41","mpfc",-1.1357,"z_int",-1.93601220055551
"339","initial","saulin_01_vp_41","mpfc",-1.1357,"z_init",-1.30201985647628
"340","initial","saulin_01_vp_41","mpfc",-1.1357,"z_sust",1.72602808898545
"341","initial","saulin_01_vp_42","TPJ",-0.15993,"EC",-1.82947310065988
"342","initial","saulin_01_vp_42","TPJ",-0.15993,"PT",0.457384058595663
"343","initial","saulin_01_vp_42","TPJ",-0.15993,"z_int",0.875087424128427
"344","initial","saulin_01_vp_42","TPJ",-0.15993,"z_init",0.54077473010538
"345","initial","saulin_01_vp_42","TPJ",-0.15993,"z_sust",-0.411484292861863
"346","initial","saulin_01_vp_42","mpfc",0.51611,"EC",-1.82947310065988
"347","initial","saulin_01_vp_42","mpfc",0.51611,"PT",0.457384058595663
"348","initial","saulin_01_vp_42","mpfc",0.51611,"z_int",0.875087424128427
"349","initial","saulin_01_vp_42","mpfc",0.51611,"z_init",0.54077473010538
"350","initial","saulin_01_vp_42","mpfc",0.51611,"z_sust",-0.411484292861863
"351","initial","saulin_01_vp_43","TPJ",-0.77683,"EC",0.75583865191582
"352","initial","saulin_01_vp_43","TPJ",-0.77683,"PT",0.457384058595663
"353","initial","saulin_01_vp_43","TPJ",-0.77683,"z_int",1.88901880945091
"354","initial","saulin_01_vp_43","TPJ",-0.77683,"z_init",1.96810961182614
"355","initial","saulin_01_vp_43","TPJ",-0.77683,"z_sust",0.257442111360091
"356","initial","saulin_01_vp_43","mpfc",-0.77983,"EC",0.75583865191582
"357","initial","saulin_01_vp_43","mpfc",-0.77983,"PT",0.457384058595663
"358","initial","saulin_01_vp_43","mpfc",-0.77983,"z_int",1.88901880945091
"359","initial","saulin_01_vp_43","mpfc",-0.77983,"z_init",1.96810961182614
"360","initial","saulin_01_vp_43","mpfc",-0.77983,"z_sust",0.257442111360091
"361","initial","saulin_01_vp_44","TPJ",-0.88345,"EC",1.86382940301969
"362","initial","saulin_01_vp_44","TPJ",-0.88345,"PT",1.68660371607151
"363","initial","saulin_01_vp_44","TPJ",-0.88345,"z_int",-0.0571448884840501
"364","initial","saulin_01_vp_44","TPJ",-0.88345,"z_init",-0.970136211520273
"365","initial","saulin_01_vp_44","TPJ",-0.88345,"z_sust",2.16181848325786
"366","initial","saulin_01_vp_44","mpfc",0.20539,"EC",1.86382940301969
"367","initial","saulin_01_vp_44","mpfc",0.20539,"PT",1.68660371607151
"368","initial","saulin_01_vp_44","mpfc",0.20539,"z_int",-0.0571448884840501
"369","initial","saulin_01_vp_44","mpfc",0.20539,"z_init",-0.970136211520273
"370","initial","saulin_01_vp_44","mpfc",0.20539,"z_sust",2.16181848325786
"371","initial","saulin_01_vp_45","TPJ",0.61489,"EC",-0.72148234955601
"372","initial","saulin_01_vp_45","TPJ",0.61489,"PT",-1.07914051324914
"373","initial","saulin_01_vp_45","TPJ",0.61489,"z_int",0.522362609528401
"374","initial","saulin_01_vp_45","TPJ",0.61489,"z_init",0.85262508002317
"375","initial","saulin_01_vp_45","TPJ",0.61489,"z_sust",-0.656123904421701
"376","initial","saulin_01_vp_45","mpfc",1.2475,"EC",-0.72148234955601
"377","initial","saulin_01_vp_45","mpfc",1.2475,"PT",-1.07914051324914
"378","initial","saulin_01_vp_45","mpfc",1.2475,"z_int",0.522362609528401
"379","initial","saulin_01_vp_45","mpfc",1.2475,"z_init",0.85262508002317
"380","initial","saulin_01_vp_45","mpfc",1.2475,"z_sust",-0.656123904421701
"381","initial","saulin_01_vp_46","TPJ",0.15792,"EC",-0.72148234955601
"382","initial","saulin_01_vp_46","TPJ",0.15792,"PT",0.150079144226702
"383","initial","saulin_01_vp_46","TPJ",0.15792,"z_int",-0.134515877118791
"384","initial","saulin_01_vp_46","TPJ",0.15792,"z_init",0.349749887701491
"385","initial","saulin_01_vp_46","TPJ",0.15792,"z_sust",-0.986195857409645
"386","initial","saulin_01_vp_46","mpfc",-0.35524,"EC",-0.72148234955601
"387","initial","saulin_01_vp_46","mpfc",-0.35524,"PT",0.150079144226702
"388","initial","saulin_01_vp_46","mpfc",-0.35524,"z_int",-0.134515877118791
"389","initial","saulin_01_vp_46","mpfc",-0.35524,"z_init",0.349749887701491
"390","initial","saulin_01_vp_46","mpfc",-0.35524,"z_sust",-0.986195857409645
"391","initial","saulin_01_vp_47","TPJ",0.053281,"EC",0.017178151179905
"392","initial","saulin_01_vp_47","TPJ",0.053281,"PT",-0.771835598880183
"393","initial","saulin_01_vp_47","TPJ",0.053281,"z_int",1.48315157695566
"394","initial","saulin_01_vp_47","TPJ",0.053281,"z_init",-1.21919041619441
"395","initial","saulin_01_vp_47","TPJ",0.053281,"z_sust",-0.373930266712328
"396","initial","saulin_01_vp_47","mpfc",0.057087,"EC",0.017178151179905
"397","initial","saulin_01_vp_47","mpfc",0.057087,"PT",-0.771835598880183
"398","initial","saulin_01_vp_47","mpfc",0.057087,"z_int",1.48315157695566
"399","initial","saulin_01_vp_47","mpfc",0.057087,"z_init",-1.21919041619441
"400","initial","saulin_01_vp_47","mpfc",0.057087,"z_sust",-0.373930266712328
"401","initial","saulin_01_vp_48","TPJ",-0.47743,"EC",-0.72148234955601
"402","initial","saulin_01_vp_48","TPJ",-0.47743,"PT",0.150079144226702
"403","initial","saulin_01_vp_48","TPJ",-0.47743,"z_int",-1.45644483290058
"404","initial","saulin_01_vp_48","TPJ",-0.47743,"z_init",-0.434695869485307
"405","initial","saulin_01_vp_48","TPJ",-0.47743,"z_sust",-0.194930841505627
"406","initial","saulin_01_vp_48","mpfc",-0.8565,"EC",-0.72148234955601
"407","initial","saulin_01_vp_48","mpfc",-0.8565,"PT",0.150079144226702
"408","initial","saulin_01_vp_48","mpfc",-0.8565,"z_int",-1.45644483290058
"409","initial","saulin_01_vp_48","mpfc",-0.8565,"z_init",-0.434695869485307
"410","initial","saulin_01_vp_48","mpfc",-0.8565,"z_sust",-0.194930841505627
"411","initial","saulin_01_vp_49","TPJ",1.8038,"EC",-1.09081259992397
"412","initial","saulin_01_vp_49","TPJ",1.8038,"PT",-2.30836017072499
"413","initial","saulin_01_vp_49","TPJ",1.8038,"z_int",0.00810202925568866
"414","initial","saulin_01_vp_49","TPJ",1.8038,"z_init",2.0712358105667
"415","initial","saulin_01_vp_49","TPJ",1.8038,"z_sust",-0.519614574150875
"416","initial","saulin_01_vp_49","mpfc",2.9097,"EC",-1.09081259992397
"417","initial","saulin_01_vp_49","mpfc",2.9097,"PT",-2.30836017072499
"418","initial","saulin_01_vp_49","mpfc",2.9097,"z_int",0.00810202925568866
"419","initial","saulin_01_vp_49","mpfc",2.9097,"z_init",2.0712358105667
"420","initial","saulin_01_vp_49","mpfc",2.9097,"z_sust",-0.519614574150875
"421","initial","saulin_01_vp_50","TPJ",-0.7713,"EC",0.017178151179905
"422","initial","saulin_01_vp_50","TPJ",-0.7713,"PT",-0.15722577014226
"423","initial","saulin_01_vp_50","TPJ",-0.7713,"z_int",0.603449475684354
"424","initial","saulin_01_vp_50","TPJ",-0.7713,"z_init",-0.0029788800918484
"425","initial","saulin_01_vp_50","TPJ",-0.7713,"z_sust",1.82958745918665
"426","initial","saulin_01_vp_50","mpfc",0.20028,"EC",0.017178151179905
"427","initial","saulin_01_vp_50","mpfc",0.20028,"PT",-0.15722577014226
"428","initial","saulin_01_vp_50","mpfc",0.20028,"z_int",0.603449475684354
"429","initial","saulin_01_vp_50","mpfc",0.20028,"z_init",-0.0029788800918484
"430","initial","saulin_01_vp_50","mpfc",0.20028,"z_sust",1.82958745918665
"431","sustained","saulin_01_vp_01","TPJ",-0.68055,"EC",1.12516890228378
"432","sustained","saulin_01_vp_01","TPJ",-0.68055,"PT",0.764688972964625
"433","sustained","saulin_01_vp_01","TPJ",-0.68055,"z_int",-0.0693670154207969
"434","sustained","saulin_01_vp_01","TPJ",-0.68055,"z_init",2.19894575289778
"435","sustained","saulin_01_vp_01","TPJ",-0.68055,"z_sust",-2.16040187008811
"436","sustained","saulin_01_vp_01","mpfc",-0.69421,"EC",1.12516890228378
"437","sustained","saulin_01_vp_01","mpfc",-0.69421,"PT",0.764688972964625
"438","sustained","saulin_01_vp_01","mpfc",-0.69421,"z_int",-0.0693670154207969
"439","sustained","saulin_01_vp_01","mpfc",-0.69421,"z_init",2.19894575289778
"440","sustained","saulin_01_vp_01","mpfc",-0.69421,"z_sust",-2.16040187008811
"441","sustained","saulin_01_vp_03","TPJ",0.025881,"EC",-0.352152099188052
"442","sustained","saulin_01_vp_03","TPJ",0.025881,"PT",-0.771835598880183
"443","sustained","saulin_01_vp_03","TPJ",0.025881,"z_int",0.754019653815259
"444","sustained","saulin_01_vp_03","TPJ",0.025881,"z_init",-1.26359654975235
"445","sustained","saulin_01_vp_03","TPJ",0.025881,"z_sust",0.581134675485867
"446","sustained","saulin_01_vp_03","mpfc",-0.67391,"EC",-0.352152099188052
"447","sustained","saulin_01_vp_03","mpfc",-0.67391,"PT",-0.771835598880183
"448","sustained","saulin_01_vp_03","mpfc",-0.67391,"z_int",0.754019653815259
"449","sustained","saulin_01_vp_03","mpfc",-0.67391,"z_init",-1.26359654975235
"450","sustained","saulin_01_vp_03","mpfc",-0.67391,"z_sust",0.581134675485867
"451","sustained","saulin_01_vp_04","TPJ",-0.53497,"EC",0.386508401547862
"452","sustained","saulin_01_vp_04","TPJ",-0.53497,"PT",0.150079144226702
"453","sustained","saulin_01_vp_04","TPJ",-0.53497,"z_int",0.392489331075333
"454","sustained","saulin_01_vp_04","TPJ",-0.53497,"z_init",0.0869953799300806
"455","sustained","saulin_01_vp_04","TPJ",-0.53497,"z_sust",0.268345090163905
"456","sustained","saulin_01_vp_04","mpfc",-0.64923,"EC",0.386508401547862
"457","sustained","saulin_01_vp_04","mpfc",-0.64923,"PT",0.150079144226702
"458","sustained","saulin_01_vp_04","mpfc",-0.64923,"z_int",0.392489331075333
"459","sustained","saulin_01_vp_04","mpfc",-0.64923,"z_init",0.0869953799300806
"460","sustained","saulin_01_vp_04","mpfc",-0.64923,"z_sust",0.268345090163905
"461","sustained","saulin_01_vp_05","TPJ",0.46103,"EC",-0.352152099188052
"462","sustained","saulin_01_vp_05","TPJ",0.46103,"PT",-1.07914051324914
"463","sustained","saulin_01_vp_05","TPJ",0.46103,"z_int",-0.698622659198815
"464","sustained","saulin_01_vp_05","TPJ",0.46103,"z_init",-0.111098737748924
"465","sustained","saulin_01_vp_05","TPJ",0.46103,"z_sust",-0.944246491198696
"466","sustained","saulin_01_vp_05","mpfc",0.39899,"EC",-0.352152099188052
"467","sustained","saulin_01_vp_05","mpfc",0.39899,"PT",-1.07914051324914
"468","sustained","saulin_01_vp_05","mpfc",0.39899,"z_int",-0.698622659198815
"469","sustained","saulin_01_vp_05","mpfc",0.39899,"z_init",-0.111098737748924
"470","sustained","saulin_01_vp_05","mpfc",0.39899,"z_sust",-0.944246491198696
"471","sustained","saulin_01_vp_06","TPJ",-0.25265,"EC",0.386508401547862
"472","sustained","saulin_01_vp_06","TPJ",-0.25265,"PT",0.457384058595663
"473","sustained","saulin_01_vp_06","TPJ",-0.25265,"z_int",0.396280658126134
"474","sustained","saulin_01_vp_06","TPJ",-0.25265,"z_init",0.299499590303742
"475","sustained","saulin_01_vp_06","TPJ",-0.25265,"z_sust",-0.133586800264813
"476","sustained","saulin_01_vp_06","mpfc",0.12338,"EC",0.386508401547862
"477","sustained","saulin_01_vp_06","mpfc",0.12338,"PT",0.457384058595663
"478","sustained","saulin_01_vp_06","mpfc",0.12338,"z_int",0.396280658126134
"479","sustained","saulin_01_vp_06","mpfc",0.12338,"z_init",0.299499590303742
"480","sustained","saulin_01_vp_06","mpfc",0.12338,"z_sust",-0.133586800264813
"481","sustained","saulin_01_vp_08","TPJ",0.21847,"EC",-1.46014285029192
"482","sustained","saulin_01_vp_08","TPJ",0.21847,"PT",-1.69375034198707
"483","sustained","saulin_01_vp_08","TPJ",0.21847,"z_int",-0.515214443405171
"484","sustained","saulin_01_vp_08","TPJ",0.21847,"z_init",-0.923714072511497
"485","sustained","saulin_01_vp_08","TPJ",0.21847,"z_sust",0.401422313277166
"486","sustained","saulin_01_vp_08","mpfc",0.39125,"EC",-1.46014285029192
"487","sustained","saulin_01_vp_08","mpfc",0.39125,"PT",-1.69375034198707
"488","sustained","saulin_01_vp_08","mpfc",0.39125,"z_int",-0.515214443405171
"489","sustained","saulin_01_vp_08","mpfc",0.39125,"z_init",-0.923714072511497
"490","sustained","saulin_01_vp_08","mpfc",0.39125,"z_sust",0.401422313277166
"491","sustained","saulin_01_vp_11","TPJ",0.018093,"EC",0.75583865191582
"492","sustained","saulin_01_vp_11","TPJ",0.018093,"PT",-1.07914051324914
"493","sustained","saulin_01_vp_11","TPJ",0.018093,"z_int",0.0365629312000224
"494","sustained","saulin_01_vp_11","TPJ",0.018093,"z_init",0.151610264230934
"495","sustained","saulin_01_vp_11","TPJ",0.018093,"z_sust",-0.522220756414767
"496","sustained","saulin_01_vp_11","mpfc",0.097628,"EC",0.75583865191582
"497","sustained","saulin_01_vp_11","mpfc",0.097628,"PT",-1.07914051324914
"498","sustained","saulin_01_vp_11","mpfc",0.097628,"z_int",0.0365629312000224
"499","sustained","saulin_01_vp_11","mpfc",0.097628,"z_init",0.151610264230934
"500","sustained","saulin_01_vp_11","mpfc",0.097628,"z_sust",-0.522220756414767
"501","sustained","saulin_01_vp_12","TPJ",0.095826,"EC",0.017178151179905
"502","sustained","saulin_01_vp_12","TPJ",0.095826,"PT",-0.771835598880183
"503","sustained","saulin_01_vp_12","TPJ",0.095826,"z_int",0.0614761107503813
"504","sustained","saulin_01_vp_12","TPJ",0.095826,"z_init",0.1274998256507
"505","sustained","saulin_01_vp_12","TPJ",0.095826,"z_sust",-0.292252395050647
"506","sustained","saulin_01_vp_12","mpfc",0.2694,"EC",0.017178151179905
"507","sustained","saulin_01_vp_12","mpfc",0.2694,"PT",-0.771835598880183
"508","sustained","saulin_01_vp_12","mpfc",0.2694,"z_int",0.0614761107503813
"509","sustained","saulin_01_vp_12","mpfc",0.2694,"z_init",0.1274998256507
"510","sustained","saulin_01_vp_12","mpfc",0.2694,"z_sust",-0.292252395050647
"511","sustained","saulin_01_vp_14","TPJ",0.18902,"EC",0.75583865191582
"512","sustained","saulin_01_vp_14","TPJ",0.18902,"PT",1.37929880170255
"513","sustained","saulin_01_vp_14","TPJ",0.18902,"z_int",-1.91261072815798
"514","sustained","saulin_01_vp_14","TPJ",0.18902,"z_init",-0.899616694224041
"515","sustained","saulin_01_vp_14","TPJ",0.18902,"z_sust",0.661176081879611
"516","sustained","saulin_01_vp_14","mpfc",-0.57294,"EC",0.75583865191582
"517","sustained","saulin_01_vp_14","mpfc",-0.57294,"PT",1.37929880170255
"518","sustained","saulin_01_vp_14","mpfc",-0.57294,"z_int",-1.91261072815798
"519","sustained","saulin_01_vp_14","mpfc",-0.57294,"z_init",-0.899616694224041
"520","sustained","saulin_01_vp_14","mpfc",-0.57294,"z_sust",0.661176081879611
"521","sustained","saulin_01_vp_15","TPJ",0.5691,"EC",0.386508401547862
"522","sustained","saulin_01_vp_15","TPJ",0.5691,"PT",0.150079144226702
"523","sustained","saulin_01_vp_15","TPJ",0.5691,"z_int",0.460063479397723
"524","sustained","saulin_01_vp_15","TPJ",0.5691,"z_init",0.384433304958075
"525","sustained","saulin_01_vp_15","TPJ",0.5691,"z_sust",-0.0146082768593824
"526","sustained","saulin_01_vp_15","mpfc",-0.40908,"EC",0.386508401547862
"527","sustained","saulin_01_vp_15","mpfc",-0.40908,"PT",0.150079144226702
"528","sustained","saulin_01_vp_15","mpfc",-0.40908,"z_int",0.460063479397723
"529","sustained","saulin_01_vp_15","mpfc",-0.40908,"z_init",0.384433304958075
"530","sustained","saulin_01_vp_15","mpfc",-0.40908,"z_sust",-0.0146082768593824
"531","sustained","saulin_01_vp_17","TPJ",0.23558,"EC",0.75583865191582
"532","sustained","saulin_01_vp_17","TPJ",0.23558,"PT",0.457384058595663
"533","sustained","saulin_01_vp_17","TPJ",0.23558,"z_int",-0.680693167478204
"534","sustained","saulin_01_vp_17","TPJ",0.23558,"z_init",0.0238151128182557
"535","sustained","saulin_01_vp_17","TPJ",0.23558,"z_sust",-0.627818257140421
"536","sustained","saulin_01_vp_17","mpfc",-0.74539,"EC",0.75583865191582
"537","sustained","saulin_01_vp_17","mpfc",-0.74539,"PT",0.457384058595663
"538","sustained","saulin_01_vp_17","mpfc",-0.74539,"z_int",-0.680693167478204
"539","sustained","saulin_01_vp_17","mpfc",-0.74539,"z_init",0.0238151128182557
"540","sustained","saulin_01_vp_17","mpfc",-0.74539,"z_sust",-0.627818257140421
"541","sustained","saulin_01_vp_18","TPJ",0.30737,"EC",0.386508401547862
"542","sustained","saulin_01_vp_18","TPJ",0.30737,"PT",-1.69375034198707
"543","sustained","saulin_01_vp_18","TPJ",0.30737,"z_int",-0.353341032819771
"544","sustained","saulin_01_vp_18","TPJ",0.30737,"z_init",-1.40067422962706
"545","sustained","saulin_01_vp_18","TPJ",0.30737,"z_sust",0.320102461707141
"546","sustained","saulin_01_vp_18","mpfc",1.0495,"EC",0.386508401547862
"547","sustained","saulin_01_vp_18","mpfc",1.0495,"PT",-1.69375034198707
"548","sustained","saulin_01_vp_18","mpfc",1.0495,"z_int",-0.353341032819771
"549","sustained","saulin_01_vp_18","mpfc",1.0495,"z_init",-1.40067422962706
"550","sustained","saulin_01_vp_18","mpfc",1.0495,"z_sust",0.320102461707141
"551","sustained","saulin_01_vp_19","TPJ",0.15875,"EC",0.017178151179905
"552","sustained","saulin_01_vp_19","TPJ",0.15875,"PT",1.07199388733359
"553","sustained","saulin_01_vp_19","TPJ",0.15875,"z_int",2.76454586352154
"554","sustained","saulin_01_vp_19","TPJ",0.15875,"z_init",2.44864780406641
"555","sustained","saulin_01_vp_19","TPJ",0.15875,"z_sust",-3.01438185393544
"556","sustained","saulin_01_vp_19","mpfc",-0.25816,"EC",0.017178151179905
"557","sustained","saulin_01_vp_19","mpfc",-0.25816,"PT",1.07199388733359
"558","sustained","saulin_01_vp_19","mpfc",-0.25816,"z_int",2.76454586352154
"559","sustained","saulin_01_vp_19","mpfc",-0.25816,"z_init",2.44864780406641
"560","sustained","saulin_01_vp_19","mpfc",-0.25816,"z_sust",-3.01438185393544
"561","sustained","saulin_01_vp_20","TPJ",0.32201,"EC",0.017178151179905
"562","sustained","saulin_01_vp_20","TPJ",0.32201,"PT",-0.15722577014226
"563","sustained","saulin_01_vp_20","TPJ",0.32201,"z_int",0.0218987930718948
"564","sustained","saulin_01_vp_20","TPJ",0.32201,"z_init",0.114532578129523
"565","sustained","saulin_01_vp_20","TPJ",0.32201,"z_sust",-0.287653693887691
"566","sustained","saulin_01_vp_20","mpfc",0.21062,"EC",0.017178151179905
"567","sustained","saulin_01_vp_20","mpfc",0.21062,"PT",-0.15722577014226
"568","sustained","saulin_01_vp_20","mpfc",0.21062,"z_int",0.0218987930718948
"569","sustained","saulin_01_vp_20","mpfc",0.21062,"z_init",0.114532578129523
"570","sustained","saulin_01_vp_20","mpfc",0.21062,"z_sust",-0.287653693887691
"571","sustained","saulin_01_vp_21","TPJ",-0.010988,"EC",0.017178151179905
"572","sustained","saulin_01_vp_21","TPJ",-0.010988,"PT",1.99390863044047
"573","sustained","saulin_01_vp_21","TPJ",-0.010988,"z_int",0.211135107070108
"574","sustained","saulin_01_vp_21","TPJ",-0.010988,"z_init",0.189600640906825
"575","sustained","saulin_01_vp_21","TPJ",-0.010988,"z_sust",1.15609985393384
"576","sustained","saulin_01_vp_21","mpfc",0.22749,"EC",0.017178151179905
"577","sustained","saulin_01_vp_21","mpfc",0.22749,"PT",1.99390863044047
"578","sustained","saulin_01_vp_21","mpfc",0.22749,"z_int",0.211135107070108
"579","sustained","saulin_01_vp_21","mpfc",0.22749,"z_init",0.189600640906825
"580","sustained","saulin_01_vp_21","mpfc",0.22749,"z_sust",1.15609985393384
"581","sustained","saulin_01_vp_22","TPJ",-1.4987,"EC",-0.352152099188052
"582","sustained","saulin_01_vp_22","TPJ",-1.4987,"PT",-0.15722577014226
"583","sustained","saulin_01_vp_22","TPJ",-1.4987,"z_int",0.522437728346215
"584","sustained","saulin_01_vp_22","TPJ",-1.4987,"z_init",-0.242839011801187
"585","sustained","saulin_01_vp_22","TPJ",-1.4987,"z_sust",0.717045166392349
"586","sustained","saulin_01_vp_22","mpfc",-0.68678,"EC",-0.352152099188052
"587","sustained","saulin_01_vp_22","mpfc",-0.68678,"PT",-0.15722577014226
"588","sustained","saulin_01_vp_22","mpfc",-0.68678,"z_int",0.522437728346215
"589","sustained","saulin_01_vp_22","mpfc",-0.68678,"z_init",-0.242839011801187
"590","sustained","saulin_01_vp_22","mpfc",-0.68678,"z_sust",0.717045166392349
"591","sustained","saulin_01_vp_23","TPJ",-0.056595,"EC",0.017178151179905
"592","sustained","saulin_01_vp_23","TPJ",-0.056595,"PT",-0.464530684511221
"593","sustained","saulin_01_vp_23","TPJ",-0.056595,"z_int",-0.181037953126473
"594","sustained","saulin_01_vp_23","TPJ",-0.056595,"z_init",0.565497174005212
"595","sustained","saulin_01_vp_23","TPJ",-0.056595,"z_sust",-0.862522574916119
"596","sustained","saulin_01_vp_23","mpfc",-0.24125,"EC",0.017178151179905
"597","sustained","saulin_01_vp_23","mpfc",-0.24125,"PT",-0.464530684511221
"598","sustained","saulin_01_vp_23","mpfc",-0.24125,"z_int",-0.181037953126473
"599","sustained","saulin_01_vp_23","mpfc",-0.24125,"z_init",0.565497174005212
"600","sustained","saulin_01_vp_23","mpfc",-0.24125,"z_sust",-0.862522574916119
"601","sustained","saulin_01_vp_24","TPJ",0.012724,"EC",-3.30679410213171
"602","sustained","saulin_01_vp_24","TPJ",0.012724,"PT",-0.464530684511221
"603","sustained","saulin_01_vp_24","TPJ",0.012724,"z_int",-1.46321439666615
"604","sustained","saulin_01_vp_24","TPJ",0.012724,"z_init",-0.771745681167881
"605","sustained","saulin_01_vp_24","TPJ",0.012724,"z_sust",0.544111873609369
"606","sustained","saulin_01_vp_24","mpfc",-0.1276,"EC",-3.30679410213171
"607","sustained","saulin_01_vp_24","mpfc",-0.1276,"PT",-0.464530684511221
"608","sustained","saulin_01_vp_24","mpfc",-0.1276,"z_int",-1.46321439666615
"609","sustained","saulin_01_vp_24","mpfc",-0.1276,"z_init",-0.771745681167881
"610","sustained","saulin_01_vp_24","mpfc",-0.1276,"z_sust",0.544111873609369
"611","sustained","saulin_01_vp_25","TPJ",-0.5972,"EC",1.49449915265173
"612","sustained","saulin_01_vp_25","TPJ",-0.5972,"PT",0.457384058595663
"613","sustained","saulin_01_vp_25","TPJ",-0.5972,"z_int",0.494048047545187
"614","sustained","saulin_01_vp_25","TPJ",-0.5972,"z_init",-1.43026672610105
"615","sustained","saulin_01_vp_25","TPJ",-0.5972,"z_sust",-0.328884119143078
"616","sustained","saulin_01_vp_25","mpfc",-0.69982,"EC",1.49449915265173
"617","sustained","saulin_01_vp_25","mpfc",-0.69982,"PT",0.457384058595663
"618","sustained","saulin_01_vp_25","mpfc",-0.69982,"z_int",0.494048047545187
"619","sustained","saulin_01_vp_25","mpfc",-0.69982,"z_init",-1.43026672610105
"620","sustained","saulin_01_vp_25","mpfc",-0.69982,"z_sust",-0.328884119143078
"621","sustained","saulin_01_vp_26","TPJ",-0.076578,"EC",0.75583865191582
"622","sustained","saulin_01_vp_26","TPJ",-0.076578,"PT",1.07199388733359
"623","sustained","saulin_01_vp_26","TPJ",-0.076578,"z_int",-0.262957787758452
"624","sustained","saulin_01_vp_26","TPJ",-0.076578,"z_init",0.155506130909183
"625","sustained","saulin_01_vp_26","TPJ",-0.076578,"z_sust",-0.853569330912077
"626","sustained","saulin_01_vp_26","mpfc",-0.11912,"EC",0.75583865191582
"627","sustained","saulin_01_vp_26","mpfc",-0.11912,"PT",1.07199388733359
"628","sustained","saulin_01_vp_26","mpfc",-0.11912,"z_int",-0.262957787758452
"629","sustained","saulin_01_vp_26","mpfc",-0.11912,"z_init",0.155506130909183
"630","sustained","saulin_01_vp_26","mpfc",-0.11912,"z_sust",-0.853569330912077
"631","sustained","saulin_01_vp_27","TPJ",-0.21856,"EC",0.386508401547862
"632","sustained","saulin_01_vp_27","TPJ",-0.21856,"PT",0.764688972964625
"633","sustained","saulin_01_vp_27","TPJ",-0.21856,"z_int",0.378216377734313
"634","sustained","saulin_01_vp_27","TPJ",-0.21856,"z_init",-0.199300772013502
"635","sustained","saulin_01_vp_27","TPJ",-0.21856,"z_sust",0.467215756280695
"636","sustained","saulin_01_vp_27","mpfc",-0.0086815,"EC",0.386508401547862
"637","sustained","saulin_01_vp_27","mpfc",-0.0086815,"PT",0.764688972964625
"638","sustained","saulin_01_vp_27","mpfc",-0.0086815,"z_int",0.378216377734313
"639","sustained","saulin_01_vp_27","mpfc",-0.0086815,"z_init",-0.199300772013502
"640","sustained","saulin_01_vp_27","mpfc",-0.0086815,"z_sust",0.467215756280695
"641","sustained","saulin_01_vp_29","TPJ",-1.2206,"EC",-1.82947310065988
"642","sustained","saulin_01_vp_29","TPJ",-1.2206,"PT",-0.15722577014226
"643","sustained","saulin_01_vp_29","TPJ",-1.2206,"z_int",-0.924372517921969
"644","sustained","saulin_01_vp_29","TPJ",-1.2206,"z_init",-0.675343089067719
"645","sustained","saulin_01_vp_29","TPJ",-1.2206,"z_sust",-0.174109905262021
"646","sustained","saulin_01_vp_29","mpfc",-1.8063,"EC",-1.82947310065988
"647","sustained","saulin_01_vp_29","mpfc",-1.8063,"PT",-0.15722577014226
"648","sustained","saulin_01_vp_29","mpfc",-1.8063,"z_int",-0.924372517921969
"649","sustained","saulin_01_vp_29","mpfc",-1.8063,"z_init",-0.675343089067719
"650","sustained","saulin_01_vp_29","mpfc",-1.8063,"z_sust",-0.174109905262021
"651","sustained","saulin_01_vp_30","TPJ",-0.33324,"EC",-1.09081259992397
"652","sustained","saulin_01_vp_30","TPJ",-0.33324,"PT",0.150079144226702
"653","sustained","saulin_01_vp_30","TPJ",-0.33324,"z_int",-0.630307598385625
"654","sustained","saulin_01_vp_30","TPJ",-0.33324,"z_init",-0.0246779035285929
"655","sustained","saulin_01_vp_30","TPJ",-0.33324,"z_sust",0.625085586853691
"656","sustained","saulin_01_vp_30","mpfc",-0.06848,"EC",-1.09081259992397
"657","sustained","saulin_01_vp_30","mpfc",-0.06848,"PT",0.150079144226702
"658","sustained","saulin_01_vp_30","mpfc",-0.06848,"z_int",-0.630307598385625
"659","sustained","saulin_01_vp_30","mpfc",-0.06848,"z_init",-0.0246779035285929
"660","sustained","saulin_01_vp_30","mpfc",-0.06848,"z_sust",0.625085586853691
"661","sustained","saulin_01_vp_31","TPJ",-0.081216,"EC",1.12516890228378
"662","sustained","saulin_01_vp_31","TPJ",-0.081216,"PT",-0.464530684511221
"663","sustained","saulin_01_vp_31","TPJ",-0.081216,"z_int",0.0223933725337113
"664","sustained","saulin_01_vp_31","TPJ",-0.081216,"z_init",0.751528133601847
"665","sustained","saulin_01_vp_31","TPJ",-0.081216,"z_sust",-0.0429380997057421
"666","sustained","saulin_01_vp_31","mpfc",0.050679,"EC",1.12516890228378
"667","sustained","saulin_01_vp_31","mpfc",0.050679,"PT",-0.464530684511221
"668","sustained","saulin_01_vp_31","mpfc",0.050679,"z_int",0.0223933725337113
"669","sustained","saulin_01_vp_31","mpfc",0.050679,"z_init",0.751528133601847
"670","sustained","saulin_01_vp_31","mpfc",0.050679,"z_sust",-0.0429380997057421
"671","sustained","saulin_01_vp_32","TPJ",0.34034,"EC",0.386508401547862
"672","sustained","saulin_01_vp_32","TPJ",0.34034,"PT",1.07199388733359
"673","sustained","saulin_01_vp_32","TPJ",0.34034,"z_int",-2.29899901339272
"674","sustained","saulin_01_vp_32","TPJ",0.34034,"z_init",-1.97444334052381
"675","sustained","saulin_01_vp_32","TPJ",0.34034,"z_sust",-0.939237350086775
"676","sustained","saulin_01_vp_32","mpfc",0.71681,"EC",0.386508401547862
"677","sustained","saulin_01_vp_32","mpfc",0.71681,"PT",1.07199388733359
"678","sustained","saulin_01_vp_32","mpfc",0.71681,"z_int",-2.29899901339272
"679","sustained","saulin_01_vp_32","mpfc",0.71681,"z_init",-1.97444334052381
"680","sustained","saulin_01_vp_32","mpfc",0.71681,"z_sust",-0.939237350086775
"681","sustained","saulin_01_vp_33","TPJ",0.3008,"EC",0.017178151179905
"682","sustained","saulin_01_vp_33","TPJ",0.3008,"PT",-0.15722577014226
"683","sustained","saulin_01_vp_33","TPJ",0.3008,"z_int",0.443570245300358
"684","sustained","saulin_01_vp_33","TPJ",0.3008,"z_init",-0.690850600849426
"685","sustained","saulin_01_vp_33","TPJ",0.3008,"z_sust",1.41559339143139
"686","sustained","saulin_01_vp_33","mpfc",-0.12501,"EC",0.017178151179905
"687","sustained","saulin_01_vp_33","mpfc",-0.12501,"PT",-0.15722577014226
"688","sustained","saulin_01_vp_33","mpfc",-0.12501,"z_int",0.443570245300358
"689","sustained","saulin_01_vp_33","mpfc",-0.12501,"z_init",-0.690850600849426
"690","sustained","saulin_01_vp_33","mpfc",-0.12501,"z_sust",1.41559339143139
"691","sustained","saulin_01_vp_34","TPJ",-0.13537,"EC",0.386508401547862
"692","sustained","saulin_01_vp_34","TPJ",-0.13537,"PT",0.150079144226702
"693","sustained","saulin_01_vp_34","TPJ",-0.13537,"z_int",-1.10790433724209
"694","sustained","saulin_01_vp_34","TPJ",-0.13537,"z_init",-0.156641844423467
"695","sustained","saulin_01_vp_34","TPJ",-0.13537,"z_sust",0.0731748667444452
"696","sustained","saulin_01_vp_34","mpfc",0.078309,"EC",0.386508401547862
"697","sustained","saulin_01_vp_34","mpfc",0.078309,"PT",0.150079144226702
"698","sustained","saulin_01_vp_34","mpfc",0.078309,"z_int",-1.10790433724209
"699","sustained","saulin_01_vp_34","mpfc",0.078309,"z_init",-0.156641844423467
"700","sustained","saulin_01_vp_34","mpfc",0.078309,"z_sust",0.0731748667444452
"701","sustained","saulin_01_vp_35","TPJ",0.27363,"EC",-0.352152099188052
"702","sustained","saulin_01_vp_35","TPJ",0.27363,"PT",0.150079144226702
"703","sustained","saulin_01_vp_35","TPJ",0.27363,"z_int",-0.538252546238219
"704","sustained","saulin_01_vp_35","TPJ",0.27363,"z_init",1.4279810164925
"705","sustained","saulin_01_vp_35","TPJ",0.27363,"z_sust",-1.65606024727959
"706","sustained","saulin_01_vp_35","mpfc",0.4542,"EC",-0.352152099188052
"707","sustained","saulin_01_vp_35","mpfc",0.4542,"PT",0.150079144226702
"708","sustained","saulin_01_vp_35","mpfc",0.4542,"z_int",-0.538252546238219
"709","sustained","saulin_01_vp_35","mpfc",0.4542,"z_init",1.4279810164925
"710","sustained","saulin_01_vp_35","mpfc",0.4542,"z_sust",-1.65606024727959
"711","sustained","saulin_01_vp_36","TPJ",-2.1998,"EC",-0.72148234955601
"712","sustained","saulin_01_vp_36","TPJ",-2.1998,"PT",-0.464530684511221
"713","sustained","saulin_01_vp_36","TPJ",-2.1998,"z_int",0.805857815330619
"714","sustained","saulin_01_vp_36","TPJ",-2.1998,"z_init",0.292658664919077
"715","sustained","saulin_01_vp_36","TPJ",-2.1998,"z_sust",-0.0749907744055023
"716","sustained","saulin_01_vp_36","mpfc",-4.0057,"EC",-0.72148234955601
"717","sustained","saulin_01_vp_36","mpfc",-4.0057,"PT",-0.464530684511221
"718","sustained","saulin_01_vp_36","mpfc",-4.0057,"z_int",0.805857815330619
"719","sustained","saulin_01_vp_36","mpfc",-4.0057,"z_init",0.292658664919077
"720","sustained","saulin_01_vp_36","mpfc",-4.0057,"z_sust",-0.0749907744055023
"721","sustained","saulin_01_vp_37","TPJ",-0.20041,"EC",0.75583865191582
"722","sustained","saulin_01_vp_37","TPJ",-0.20041,"PT",1.68660371607151
"723","sustained","saulin_01_vp_37","TPJ",-0.20041,"z_int",-0.773489202983219
"724","sustained","saulin_01_vp_37","TPJ",-0.20041,"z_init",0.569025206866136
"725","sustained","saulin_01_vp_37","TPJ",-0.20041,"z_sust",-0.0418941478690452
"726","sustained","saulin_01_vp_37","mpfc",-0.27699,"EC",0.75583865191582
"727","sustained","saulin_01_vp_37","mpfc",-0.27699,"PT",1.68660371607151
"728","sustained","saulin_01_vp_37","mpfc",-0.27699,"z_int",-0.773489202983219
"729","sustained","saulin_01_vp_37","mpfc",-0.27699,"z_init",0.569025206866136
"730","sustained","saulin_01_vp_37","mpfc",-0.27699,"z_sust",-0.0418941478690452
"731","sustained","saulin_01_vp_38","TPJ",-0.39739,"EC",-0.72148234955601
"732","sustained","saulin_01_vp_38","TPJ",-0.39739,"PT",-0.464530684511221
"733","sustained","saulin_01_vp_38","TPJ",-0.39739,"z_int",1.10809547326699
"734","sustained","saulin_01_vp_38","TPJ",-0.39739,"z_init",0.275074547928036
"735","sustained","saulin_01_vp_38","TPJ",-0.39739,"z_sust",-0.641897269118103
"736","sustained","saulin_01_vp_38","mpfc",0.21592,"EC",-0.72148234955601
"737","sustained","saulin_01_vp_38","mpfc",0.21592,"PT",-0.464530684511221
"738","sustained","saulin_01_vp_38","mpfc",0.21592,"z_int",1.10809547326699
"739","sustained","saulin_01_vp_38","mpfc",0.21592,"z_init",0.275074547928036
"740","sustained","saulin_01_vp_38","mpfc",0.21592,"z_sust",-0.641897269118103
"741","sustained","saulin_01_vp_39","TPJ",-1.4839,"EC",1.86382940301969
"742","sustained","saulin_01_vp_39","TPJ",-1.4839,"PT",1.99390863044047
"743","sustained","saulin_01_vp_39","TPJ",-1.4839,"z_int",0.920853091436352
"744","sustained","saulin_01_vp_39","TPJ",-1.4839,"z_init",-0.194004897922087
"745","sustained","saulin_01_vp_39","TPJ",-1.4839,"z_sust",2.45067648436717
"746","sustained","saulin_01_vp_39","mpfc",-1.2026,"EC",1.86382940301969
"747","sustained","saulin_01_vp_39","mpfc",-1.2026,"PT",1.99390863044047
"748","sustained","saulin_01_vp_39","mpfc",-1.2026,"z_int",0.920853091436352
"749","sustained","saulin_01_vp_39","mpfc",-1.2026,"z_init",-0.194004897922087
"750","sustained","saulin_01_vp_39","mpfc",-1.2026,"z_sust",2.45067648436717
"751","sustained","saulin_01_vp_40","TPJ",-0.76591,"EC",0.75583865191582
"752","sustained","saulin_01_vp_40","TPJ",-0.76591,"PT",-1.38644542761811
"753","sustained","saulin_01_vp_40","TPJ",-0.76591,"z_int",0.819386194729027
"754","sustained","saulin_01_vp_40","TPJ",-0.76591,"z_init",-0.957510863806474
"755","sustained","saulin_01_vp_40","TPJ",-0.76591,"z_sust",1.09949420568337
"756","sustained","saulin_01_vp_40","mpfc",-0.55597,"EC",0.75583865191582
"757","sustained","saulin_01_vp_40","mpfc",-0.55597,"PT",-1.38644542761811
"758","sustained","saulin_01_vp_40","mpfc",-0.55597,"z_int",0.819386194729027
"759","sustained","saulin_01_vp_40","mpfc",-0.55597,"z_init",-0.957510863806474
"760","sustained","saulin_01_vp_40","mpfc",-0.55597,"z_sust",1.09949420568337
"761","sustained","saulin_01_vp_41","TPJ",1.8977,"EC",0.017178151179905
"762","sustained","saulin_01_vp_41","TPJ",1.8977,"PT",-1.07914051324914
"763","sustained","saulin_01_vp_41","TPJ",1.8977,"z_int",-1.93601220055551
"764","sustained","saulin_01_vp_41","TPJ",1.8977,"z_init",-1.30201985647628
"765","sustained","saulin_01_vp_41","TPJ",1.8977,"z_sust",1.72602808898545
"766","sustained","saulin_01_vp_41","mpfc",1.1572,"EC",0.017178151179905
"767","sustained","saulin_01_vp_41","mpfc",1.1572,"PT",-1.07914051324914
"768","sustained","saulin_01_vp_41","mpfc",1.1572,"z_int",-1.93601220055551
"769","sustained","saulin_01_vp_41","mpfc",1.1572,"z_init",-1.30201985647628
"770","sustained","saulin_01_vp_41","mpfc",1.1572,"z_sust",1.72602808898545
"771","sustained","saulin_01_vp_42","TPJ",-0.16589,"EC",-1.82947310065988
"772","sustained","saulin_01_vp_42","TPJ",-0.16589,"PT",0.457384058595663
"773","sustained","saulin_01_vp_42","TPJ",-0.16589,"z_int",0.875087424128427
"774","sustained","saulin_01_vp_42","TPJ",-0.16589,"z_init",0.54077473010538
"775","sustained","saulin_01_vp_42","TPJ",-0.16589,"z_sust",-0.411484292861863
"776","sustained","saulin_01_vp_42","mpfc",-0.45532,"EC",-1.82947310065988
"777","sustained","saulin_01_vp_42","mpfc",-0.45532,"PT",0.457384058595663
"778","sustained","saulin_01_vp_42","mpfc",-0.45532,"z_int",0.875087424128427
"779","sustained","saulin_01_vp_42","mpfc",-0.45532,"z_init",0.54077473010538
"780","sustained","saulin_01_vp_42","mpfc",-0.45532,"z_sust",-0.411484292861863
"781","sustained","saulin_01_vp_43","TPJ",0.092598,"EC",0.75583865191582
"782","sustained","saulin_01_vp_43","TPJ",0.092598,"PT",0.457384058595663
"783","sustained","saulin_01_vp_43","TPJ",0.092598,"z_int",1.88901880945091
"784","sustained","saulin_01_vp_43","TPJ",0.092598,"z_init",1.96810961182614
"785","sustained","saulin_01_vp_43","TPJ",0.092598,"z_sust",0.257442111360091
"786","sustained","saulin_01_vp_43","mpfc",0.1037,"EC",0.75583865191582
"787","sustained","saulin_01_vp_43","mpfc",0.1037,"PT",0.457384058595663
"788","sustained","saulin_01_vp_43","mpfc",0.1037,"z_int",1.88901880945091
"789","sustained","saulin_01_vp_43","mpfc",0.1037,"z_init",1.96810961182614
"790","sustained","saulin_01_vp_43","mpfc",0.1037,"z_sust",0.257442111360091
"791","sustained","saulin_01_vp_44","TPJ",-0.26616,"EC",1.86382940301969
"792","sustained","saulin_01_vp_44","TPJ",-0.26616,"PT",1.68660371607151
"793","sustained","saulin_01_vp_44","TPJ",-0.26616,"z_int",-0.0571448884840501
"794","sustained","saulin_01_vp_44","TPJ",-0.26616,"z_init",-0.970136211520273
"795","sustained","saulin_01_vp_44","TPJ",-0.26616,"z_sust",2.16181848325786
"796","sustained","saulin_01_vp_44","mpfc",-0.058622,"EC",1.86382940301969
"797","sustained","saulin_01_vp_44","mpfc",-0.058622,"PT",1.68660371607151
"798","sustained","saulin_01_vp_44","mpfc",-0.058622,"z_int",-0.0571448884840501
"799","sustained","saulin_01_vp_44","mpfc",-0.058622,"z_init",-0.970136211520273
"800","sustained","saulin_01_vp_44","mpfc",-0.058622,"z_sust",2.16181848325786
"801","sustained","saulin_01_vp_45","TPJ",-0.4982,"EC",-0.72148234955601
"802","sustained","saulin_01_vp_45","TPJ",-0.4982,"PT",-1.07914051324914
"803","sustained","saulin_01_vp_45","TPJ",-0.4982,"z_int",0.522362609528401
"804","sustained","saulin_01_vp_45","TPJ",-0.4982,"z_init",0.85262508002317
"805","sustained","saulin_01_vp_45","TPJ",-0.4982,"z_sust",-0.656123904421701
"806","sustained","saulin_01_vp_45","mpfc",-0.45979,"EC",-0.72148234955601
"807","sustained","saulin_01_vp_45","mpfc",-0.45979,"PT",-1.07914051324914
"808","sustained","saulin_01_vp_45","mpfc",-0.45979,"z_int",0.522362609528401
"809","sustained","saulin_01_vp_45","mpfc",-0.45979,"z_init",0.85262508002317
"810","sustained","saulin_01_vp_45","mpfc",-0.45979,"z_sust",-0.656123904421701
"811","sustained","saulin_01_vp_46","TPJ",-0.41101,"EC",-0.72148234955601
"812","sustained","saulin_01_vp_46","TPJ",-0.41101,"PT",0.150079144226702
"813","sustained","saulin_01_vp_46","TPJ",-0.41101,"z_int",-0.134515877118791
"814","sustained","saulin_01_vp_46","TPJ",-0.41101,"z_init",0.349749887701491
"815","sustained","saulin_01_vp_46","TPJ",-0.41101,"z_sust",-0.986195857409645
"816","sustained","saulin_01_vp_46","mpfc",-0.027557,"EC",-0.72148234955601
"817","sustained","saulin_01_vp_46","mpfc",-0.027557,"PT",0.150079144226702
"818","sustained","saulin_01_vp_46","mpfc",-0.027557,"z_int",-0.134515877118791
"819","sustained","saulin_01_vp_46","mpfc",-0.027557,"z_init",0.349749887701491
"820","sustained","saulin_01_vp_46","mpfc",-0.027557,"z_sust",-0.986195857409645
"821","sustained","saulin_01_vp_47","TPJ",-0.19332,"EC",0.017178151179905
"822","sustained","saulin_01_vp_47","TPJ",-0.19332,"PT",-0.771835598880183
"823","sustained","saulin_01_vp_47","TPJ",-0.19332,"z_int",1.48315157695566
"824","sustained","saulin_01_vp_47","TPJ",-0.19332,"z_init",-1.21919041619441
"825","sustained","saulin_01_vp_47","TPJ",-0.19332,"z_sust",-0.373930266712328
"826","sustained","saulin_01_vp_47","mpfc",-0.25809,"EC",0.017178151179905
"827","sustained","saulin_01_vp_47","mpfc",-0.25809,"PT",-0.771835598880183
"828","sustained","saulin_01_vp_47","mpfc",-0.25809,"z_int",1.48315157695566
"829","sustained","saulin_01_vp_47","mpfc",-0.25809,"z_init",-1.21919041619441
"830","sustained","saulin_01_vp_47","mpfc",-0.25809,"z_sust",-0.373930266712328
"831","sustained","saulin_01_vp_48","TPJ",0.46867,"EC",-0.72148234955601
"832","sustained","saulin_01_vp_48","TPJ",0.46867,"PT",0.150079144226702
"833","sustained","saulin_01_vp_48","TPJ",0.46867,"z_int",-1.45644483290058
"834","sustained","saulin_01_vp_48","TPJ",0.46867,"z_init",-0.434695869485307
"835","sustained","saulin_01_vp_48","TPJ",0.46867,"z_sust",-0.194930841505627
"836","sustained","saulin_01_vp_48","mpfc",1.138,"EC",-0.72148234955601
"837","sustained","saulin_01_vp_48","mpfc",1.138,"PT",0.150079144226702
"838","sustained","saulin_01_vp_48","mpfc",1.138,"z_int",-1.45644483290058
"839","sustained","saulin_01_vp_48","mpfc",1.138,"z_init",-0.434695869485307
"840","sustained","saulin_01_vp_48","mpfc",1.138,"z_sust",-0.194930841505627
"841","sustained","saulin_01_vp_49","TPJ",-0.027721,"EC",-1.09081259992397
"842","sustained","saulin_01_vp_49","TPJ",-0.027721,"PT",-2.30836017072499
"843","sustained","saulin_01_vp_49","TPJ",-0.027721,"z_int",0.00810202925568866
"844","sustained","saulin_01_vp_49","TPJ",-0.027721,"z_init",2.0712358105667
"845","sustained","saulin_01_vp_49","TPJ",-0.027721,"z_sust",-0.519614574150875
"846","sustained","saulin_01_vp_49","mpfc",0.32745,"EC",-1.09081259992397
"847","sustained","saulin_01_vp_49","mpfc",0.32745,"PT",-2.30836017072499
"848","sustained","saulin_01_vp_49","mpfc",0.32745,"z_int",0.00810202925568866
"849","sustained","saulin_01_vp_49","mpfc",0.32745,"z_init",2.0712358105667
"850","sustained","saulin_01_vp_49","mpfc",0.32745,"z_sust",-0.519614574150875
"851","sustained","saulin_01_vp_50","TPJ",-0.57845,"EC",0.017178151179905
"852","sustained","saulin_01_vp_50","TPJ",-0.57845,"PT",-0.15722577014226
"853","sustained","saulin_01_vp_50","TPJ",-0.57845,"z_int",0.603449475684354
"854","sustained","saulin_01_vp_50","TPJ",-0.57845,"z_init",-0.0029788800918484
"855","sustained","saulin_01_vp_50","TPJ",-0.57845,"z_sust",1.82958745918665
"856","sustained","saulin_01_vp_50","mpfc",-0.6518,"EC",0.017178151179905
"857","sustained","saulin_01_vp_50","mpfc",-0.6518,"PT",-0.15722577014226
"858","sustained","saulin_01_vp_50","mpfc",-0.6518,"z_int",0.603449475684354
"859","sustained","saulin_01_vp_50","mpfc",-0.6518,"z_init",-0.0029788800918484
"860","sustained","saulin_01_vp_50","mpfc",-0.6518,"z_sust",1.82958745918665
